scenario_index,Storage Energy Capacity (TWh)
1.0,1.8075477056312141
0.75,1.7248459421573672
0.5,1.6454711421555022
0.35,1.1733458986088547
0.15,1.0484409137018922
0.0,1.0
