,Wind,Solar
"No build costs
(so no congestion)",0.4555855858146245,1.10058877504898
Baseline,1.0,1.0
10x increase,1.0500564756425343,1.045614518636764
