scenario_index,New Tx
1.0,1.7258450099326172
0.75,1.3896045308265679
0.5,1.181531585733406
0.35,1.2312655511484532
0.15,1.0888036782697539
0.0,1.0
